clean_label,SNOMED_ID,UBERON_ID,FMA_ID,Definition,synonyms,Source,fiber_category,atlas_composite_flag,laterality,Ontology_cross_reference,uberon_synonyms_related,snomed_id_validated
anterior commissure,SNOMED:62872008,UBERON:0000935,fma61961,"Myelinated nerve fibers passing transversely through the lamina terminalis and connecting symmetrically corresponding parts of the two cerebral hemispheres; connects olfactory bulbs, anterior perforated substance, and temporal lobes across the midline",AC; Anterior commissure; Structure of anterior commissure; anterior cerebral commissure; anterior commissural nucleus; commissura anterior; commissura anterior cerebri; commissura rostral; commissura rostralis; commissure anterior; paleocortical commissure; precommisure; rostral commissure,TRACULA ; MGH_HCP ; Bullock_2022 ; XTRACT ; TractSeg,commissural,False,midline,BAMS:AC; BAMS:AG; BAMS:Ac; BAMS:ac; BIRNLEX:1557; BM:Tel-AC; BTO:0002169; DHBA:10559; DMBA:17751; EMAPA:19038; FMA:61961; HBA:9221; MA:0002722; NCIT:C32086; NLX:144088; SCTID:279313001; SCTID:369119009; TAO:0001108; UMLS:C0152335; VHOG:0001558; Wikipedia:Anterior_commissure; ZFA:0001108; neuronames:205,AC | anterior commissural nucleus | commissura anterior | commissura rostral | paleocortical commissure | precommisure | rostral commissure,False
corpus callosum,SNOMED:362354006,UBERON:0002336,fma86464,"The largest commissural white matter structure of the brain, connecting homologous and heterologous regions of the left and right cerebral hemispheres via approximately 200-300 million myelinated axons; subdivided from anterior to posterior into the rostrum, genu, body, isthmus, and splenium.",Entire corpus callosum,ICBM-DTI-81 ; Bullock_2022,commissural,False,midline,BAMS:CC; BAMS:cc; BIRNLEX:1087; BM:Tel-CC; BTO:0000615; CALOHA:TS-0180; DHBA:10561; EFO:0001390; EMAPA:35253; EV:0100305; FMA:86464; GAID:683; HBA:9222; MA:0000188; MAT:0000286; MBA:776; MESH:D003337; MIAA:0000286; NCIT:C12446; SCTID:362354006; UMLS:C0010090; VHOG:0001608; Wikipedia:Corpus_callosum; neuronames:191,,True
cingulum,SNOMED:37035000,UBERON:0003961,fma260761,Long C-shaped association bundle running adjacent to the cingulate gyrus; includes dorsal (cingulate) and ventral (hippocampal) components,Cingulate fasciculus; Cingulum; Structure of cerebral cingulum; Structure of cingulum; cingulum; cingulum bundle; cingulum of telencephalon; neuraxis cingulum,TractSeg ; ICBM-DTI-81 ; Bullock_2022,association,False,bilateral,BAMS:cg; DHBA:10572; EMAPA:37828; FMA:260761; FMA:83869; HBA:9240; MBA:940; SCTID:369084007; neuronames:1445,cingulum of telencephalon | neuraxis cingulum,False
external capsule,SNOMED:279300007,UBERON:0004545,fma61959,A sheet of white matter lateral to the putamen and medial to the claustrum; contains cortical association fibers including components of the inferior fronto-occipital fasciculus and uncinate fasciculus passing between frontal and temporal lobes.,External capsule; Structure of external capsule; brain external capsule; capsula externa; corpus callosum external capsule; external capsule,ICBM-DTI-81 ; Bullock_2022,association,False,bilateral,BAMS:EC; BAMS:ec; DHBA:10573; DMBA:17765; EMAPA:35331; FMA:61959; HBA:9243; MA:0002896; MBA:579; NCIT:C32550; NLXANAT:1010013; SCTID:279300007; UMLS:C0152345; Wikipedia:External_capsule; neuronames:253,capsula externa | corpus callosum external capsule,True
extreme capsule,SNOMED:279301006,UBERON:0014528,fma61960,White matter lateral to the claustrum and medial to the insula; contains short and long association fibers connecting frontal and temporal lobes,EmC; band of Baillarger; capsula extrema,TRACULA ; MGH_HCP ; Bullock_2022,association,False,bilateral,BAMS:ex; BAMS:exc; DHBA:10574; FMA:61960; HBA:9246; NLXANAT:1010014; SCTID:279301006; Wikipedia:Extreme_capsule; neuronames:254,band of Baillarger | capsula extrema,True
Internal capsule,SNOMED:730172000,UBERON:0001887,fma61950,"Large paired white matter structure positioned between the caudate nucleus and thalamus medially and the lentiform nucleus laterally; carries all ascending and descending projection fibers between the cerebral cortex and subcortical structures including the thalamus, brainstem and spinal cord. Divided into the anterior limb, genu, and posterior limb, with retrolenticular and sublenticular extensions.",ALIC; IC; PLIC; brain internal capsule; capsula interna; internal capsule; internal capsule radiations,ICBM-DTI-81,projection,False,bilateral,BAMS:ic; BAMS:int; BIRNLEX:1659; BM:IC; DHBA:10581; DMBA:17770; EMAPA:18206; EMAPA:35437; FMA:61950; GAID:685; HBA:9263; MA:0002748; MBA:6; MESH:D020772; NCIT:C13082; PBA:10102; SCTID:85637007; UMLS:C0152341; Wikipedia:Internal_capsule,capsula interna,False
medial longitudinal fasciculus,SNOMED:28390009,UBERON:0002309,fma83846,"Paired longitudinal brainstem tracts running near the midline through all three brainstem segments; composed of ascending and descending fibers coordinating conjugate eye movements via connections between the oculomotor, trochlear, and abducens nuclei. The main intersegmental tract of the brainstem. Lesions produce internuclear ophthalmoplegia, commonly seen in multiple sclerosis.",MLF; fasciculus longitudinalis medialis (pontis); medial longitudinal fasciculus of pons of varolius; medial longitudinal fasciculus of the pons; pons medial longitudinal fasciculus; pons of varolius medial longitudinal fasciculus,ICBM-DTI-81,brainstem_intrinsic,False,bilateral,BAMS:mlfp; BIRNLEX:1708; FMA:72493; UMLS:C0228440; neuronames:600; BAMS:mlf; BTO:0003951; DHBA:12764; FMA:83846; HBA:9351; MBA:62; neuronames:1588; SCTID:362397001; TAO:0000543; Wikipedia:Medial_longitudinal_fasciculus; ZFA:0000543,fasciculus longitudinalis medialis | medial longitudinal fascicle | MLF,False
olfactory tract,SNOMED:362356008,UBERON:0002265,fma77626,"The white matter stalk connecting the olfactory bulb to the olfactory trigone at the base of the frontal lobe; runs in the olfactory sulcus on the orbital surface of the frontal lobe. Carries mitral and tufted cell axons from the olfactory bulb to primary olfactory cortex (piriform cortex), amygdala, entorhinal cortex, and orbitofrontal cortex directly without thalamic relay — the only primary sensory modality to bypass the thalamus. At the olfactory trigone it bifurcates into the medial and lateral olfactory striae.",olfactory peduncle; olfactory stalk; pedunclulus olfactorius; pedunculus olfactorius; tractus olfactorium; tractus olfactorius,,projection,False,bilateral,BAMS:olf; BIRNLEX:1663; BTO:0003647; DHBA:12073; EMAPA:35615; FMA:77626; HBA:9302; MA:0000975; NCIT:C33207; SCTID:362356008; UMLS:C0162435; Wikipedia:Olfactory_tract; neuronames:283,olfactory peduncle | olfactory stalk | pedunclulus olfactorius | tractus olfactorium | tractus olfactorius,True
corticospinal tract,SNOMED:1296739004,UBERON:0002707,fma265580,Projection fibers from layer V pyramidal cells of the motor cortex descending through the internal capsule; decussate at the medullary pyramids to control contralateral voluntary movement,CST; corticospinal fibers; fasciculus cerebro-spinalis; fasciculus pyramidalis; fibrae corticospinales; pyramid (Willis); pyramidal tract; tractus cortico-spinalis; tractus corticospinalis; tractus pyramidalis,AFQ ; ICBM-DTI-81 ; Bullock_2022 ; XTRACT,projection,False,bilateral,BAMS:P; BIRNLEX:1464; BM:CST; BM:Me-PyT; BTO:0006132; DHBA:12776; DMBA:17756; EMAPA:36600; FMA:72634; GAID:702; HBA:265505574; MBA:190; MBA:784; MESH:D011712; SCTID:362325000; UMLS:C0034229; Wikipedia:Corticospinal_tract; neuronames:1320; neuronames:800,,False
uncinate fasciculus,SNOMED:369083001,UBERON:0003044,fma77636,Hook-shaped association bundle connecting the anterior temporal lobe and amygdala with the orbitofrontal cortex via the limen insulae,UF; UNC; cerebellospinal tract; cerebral uncinate fasciculus; fasciculus fastigio-vestibularis; fastigiobulbar tract; hook bundle of Russell; russell's fasciculus; tractus cerebello-bulbaris; tractus uncinatus; tractus uncinatus (Lewandowsky); uncinate bundle of Russell; uncinate fascicle (Russell); uncinate fasciculus of Russell; uncinate fasciculus of cerebellum; uncinate fasciculus of pons; uncinate fasciculus of the pons; uncinate fasciculus-2,AFQ ; ICBM-DTI-81 ; Bullock_2022 ; XTRACT,association,False,bilateral,BAMS:unc; BIRNLEX:983; DHBA:10594; FMA:77636; MESH:D000083382; SCTID:369083001; UMLS:C0228271; Wikipedia:Uncinate_fasciculus; neuronames:597,cerebellospinal tract | fasciculus fastigio-vestibularis | fastigiobulbar tract | hook bundle of Russell | russell's fasciculus | tractus cerebello-bulbaris | tractus uncinatus | tractus uncinatus (Lewandowsky) | uncinate bundle of Russell | uncinate fascicle (Russell) | uncinate fasciculus of cerebellum | uncinate fasciculus of pons | uncinate fasciculus of Russell | uncinate fasciculus of the pons | uncinate fasciculus-2,True
ventral amygdalofugal pathway,,UBERON:0002745,fma61977,"Efferent pathway from the amygdala projecting to the hypothalamus, thalamus, and basal forebrain; part of the limbic system",projectiones ventrales amygdalae; ventral amygdalofugal projection; ventral amygdalofugal pathway,Bullock_2022,limbic_subcortical,False,bilateral,BAMS:vaf; BIRNLEX:1563; FMA:61977; UMLS:C0175242; neuronames:287,tractus amygdalofugalis ventralis,no_id_supplied
inferior longitudinal fasciculus,SNOMED:369085008,UBERON:0034743,fma77632,Long association bundle along the lateral temporal and occipital lobes connecting occipital cortex with the temporal pole and amygdala,ILF; external sagittal stratum; fasciculus fronto-occipitalis inferior; fasciculus longitudinalis inferior; ilf,AFQ ; ICBM-DTI-81 ; JHU_Tractography ; Bullock_2022 ; Pestilli_Brainlife ; XTRACT,association,False,bilateral,DHBA:10580; FMA:77632; HBA:9260; NeuroNamesCNID:538; SCTID:369085008; Wikipedia:Inferior_longitudinal_fasciculus; neuronames:1443,external sagittal stratum | fasciculus fronto-occipitalis inferior | fasciculus longitudinalis inferior | ilf,True
superior longitudinal fasciculus,SNOMED:369082006,UBERON:0022246,fma77631,"Large association bundle in the dorsolateral white matter connecting frontal, parietal, temporal and occipital lobes; contains the arcuate fasciculus and subdivides into SLF I-III",SLF; superior longitudinal fascicle,AFQ ; ICBM-DTI-81 ; Bullock_2022 ; Pestilli_Brainlife,association,False,bilateral,DHBA:10592; FMA:77631; HBA:9281; SCTID:369082006; Wikipedia:Superior_longitudinal_fasciculus; neuronames:2080,superior longitudinal fascicle,True
callosum forceps minor,SNOMED:42932006,UBERON:0034678,fma61944,Frontal forceps; callosal fibers connecting the two frontal lobes through the genu of the corpus callosum,"Anterior forceps; Forceps minor; Parietal radiation of corpus callosum; Structure of forceps minor; anterior forceps; anterior forceps of corpus callosum; anterior forceps of the corpus callosum; corpus callosum, anterior forceps; corpus callosum, anterior forceps (Arnold); corpus callosum, forceps minor; forceps frontalis; forceps minor; forceps minor corporis callosi; forceps minor of corpus callosum; forceps minor of the corpus callosum; frontal forceps; minor forceps",AFQ ; JHU_Tractography ; XTRACT,commissural,False,midline,DHBA:12024; FMA:61944; SCTID:369199005; neuronames:192,"anterior forceps | anterior forceps of the corpus callosum | corpus callosum, anterior forceps | corpus callosum, anterior forceps (Arnold) | corpus callosum, forceps minor | forceps frontalis | forceps minor | forceps minor corporis callosi | forceps minor of corpus callosum | forceps minor of the corpus callosum | frontal forceps",False
callosum forceps major,SNOMED:80049006,UBERON:0034676,fma61949,Occipital forceps; callosal fibers connecting the two occipital lobes through the splenium of the corpus callosum,"Forceps major; Occipital radiation of corpus callosum; Posterior forceps; Structure of forceps major; ccs-ma; corpus callosum, forceps major; corpus callosum, posterior forceps (Arnold); forceps major; forceps major corporis callosi; forceps major of corpus callosum; forceps major of the corpus callosum; forceps occipitalis; major forceps; occipital forceps; posterior forceps; posterior forceps of corpus callosum; posterior forceps of the corpus callosum",AFQ ; JHU_Tractography ; XTRACT,commissural,False,midline,DHBA:12025; FMA:61949; SCTID:369201007; neuronames:197,"ccs-ma | corpus callosum, forceps major | corpus callosum, posterior forceps (Arnold) | forceps major corporis callosi | forceps major of corpus callosum | forceps major of the corpus callosum | forceps occipitalis | occipital forceps | posterior forceps | posterior forceps of the corpus callosum",False
tapetum,SNOMED:279312006,UBERON:0000373,fma77208,Callosal fibers from the body and splenium of the corpus callosum that sweep laterally to form the roof and lateral walls of the occipital and temporal horns of the lateral ventricles; lies immediately adjacent to the ependyma of the ventricle.,TAP; tapetum; tapetum corporis callosi,ICBM-DTI-81,commissural,False,bilateral,DHBA:12027; FMA:77208; HBA:265504966; SCTID:279312006; Wikipedia:Tapetum_of_corpus_callosum; neuronames:1596,tapetum corporis callosi,True
anterior thalamic radiation,,UBERON:0034746,fma76976,Thalamocortical fibers connecting the anterior and mediodorsal thalamic nuclei with the prefrontal and cingulate cortex,ATR; anterior radiation of thalamus; anterior thalamic radiation; anterior thalamic radiations; athf; radiatio thalami anterior; radiationes thalamicae anteriores,AFQ ; ICBM-DTI-81 ; JHU_Tractography ; XTRACT,projection,False,bilateral,DHBA:12043; FMA:76976; neuronames:1726,anterior thalamic radiation | anterior thalamic radiations | athf | radiationes thalamicae anteriores,no_id_supplied
pontine crossing tract,,UBERON:0022421,,Transverse pontine fibers crossing the midline within the middle cerebellar peduncle; these fibers originate from the pontine nuclei and project to the contralateral cerebellum. In DTI they are identifiable as the decussating component of the MCP and cannot be fully separated from the surrounding peduncle at standard resolution.,PCT; pontocerebellar tract; ponto-cerbellar tract; fibrae pontocerebellaris; pontocerebellar fibers; tractus pontocerebellaris; pontine crossing tract,ICBM-DTI-81,commissural,False,midline,DHBA:12769; SCTID:360457005; Wikipedia:Pontocerebellar_fibers; neuronames:1345; HBA:265505470,pncb,no_id_supplied
acoustic radiation,SNOMED:410726006,UBERON:0022262,fma62413,Thalamocortical fibers from the medial geniculate nucleus to the primary auditory cortex (Heschl gyrus); also called auditory radiation,Acoustic radiations; Acoustic radiations structure; Auditory radiations; Fibrae geniculotemporales; Geniculotemporal tract; Radiatio acustica; auditory radiation; acoustic radiation; geniculotemporal radiation; geniculotemporal tract; radiatio acustica,TRACULA ; MGH_HCP ; XTRACT,association,False,bilateral,DHBA:266441583; FMA:62413; HBA:265504974; neuronames:2084; Wikipedia:Acoustic_radiation,auditory radiation | auditory radiations,False
accumbofrontal tract,,,,connection of the orbitofrontal cortex (OFC) to the nucleus accumbens (NAcc),,,,,,,,
arcuate fasciculus,SNOMED:727100000,UBERON:0035937,fma276650,A curved bundle connecting temporal and frontal cortex; now considered a subdivision of the superior longitudinal fasciculus connecting Wernicke area to Broca area,AF; AR; ARF; arcuate fascicle; arcuate fasciculus; cerebral arcuate fasciculus; fasciculus arcuatus; fibrae arcuatae cerebri,AFQ ; Bullock_2022 ; Pestilli_Brainlife ; XTRACT,association,False,bilateral,DHBA:10569; FMA:276650; HBA:9231; neuronames:2063; Wikipedia:Arcuate_fasciculus,AF | arcuate fascicle | arcuate fasciculus | ARF | fibrae arcuatae cerebri,False
posterior arcuate fasciculus,,,,The posterior segment of the arcuate fasciculus connecting posterior superior temporal gyrus with inferior parietal lobule,pArc,Pestilli_Brainlife ; Bullock_2022,association,False,bilateral,,,
cingulum bundle dorsal,,,,Dorsal division of the cingulum bundle (TRACULA convention); corresponds to the cingulate component,CBD,TRACULA ; MGH_HCP ; Bullock_2022 ; XTRACT,association,False,bilateral,,,
cingulum bundle ventral,,,,Ventral division of the cingulum bundle (TRACULA convention); corresponds to the hippocampal/parahippocampal component,CBV,TRACULA ; MGH_HCP ; Bullock_2022,association,False,bilateral,,,
cingulum cingulate,,,,Dorsal component of the cingulum bundle running adjacent to the cingulate gyrus,CCg,AFQ ; ICBM-DTI-81 ; Bullock_2022,association,False,bilateral,,,
cingulum hippocampus,,,,Ventral component of the cingulum bundle connecting parahippocampal gyrus to cingulate cortex,CHippo,AFQ ; ICBM-DTI-81 ; Bullock_2022,association,False,bilateral,,,
cingulum subgenual,,,,"The ventral-most component of the cingulum bundle curving around the genu of the corpus callosum and extending posteriorly against the subgenual cingulate cortex; carries fibers connecting orbitofrontal and subgenual cingulate cortex with the amygdala, hippocampus and thalamus. A primary target of deep brain stimulation for treatment-resistant major depressive disorder (Mayberg subcallosal cingulate target). Described as a distinct subdivision by Heilbronner and Haber (2014) and Bullock et al. (2022).",CBS; SCB,Bullock_2022,association,False,bilateral,,,
cingulum periGenual,,,,The peri-genual subsection of the cingulum bundle curving around the genu of the corpus callosum; connects the subgenual and anterior cingulate cortex with the orbitofrontal cortex and anterior thalamic nuclei. Defined as a distinct subdivision in the XTRACT atlas (Warrington et al. 2020). Overlaps anatomically with the subgenual cingulum; XTRACT defines the boundary by waypoint ROIs at the level of the genu.,CBP,XTRACT,association,False,bilateral,,,
cingulum temporal,,,,"The temporal subsection of the cingulum bundle running along the parahippocampal gyrus into the temporal lobe; connects posterior cingulate and retrosplenial cortex with the temporal pole, entorhinal cortex, and perirhinal cortex. Defined as a distinct subdivision in the XTRACT atlas (Warrington et al. 2020). Distinguished from the ventral/hippocampal cingulum by its more anterior temporal termination pattern.",CBT,XTRACT,association,False,bilateral,,,
corpus callosum anterior midbody,,,,Anterior portion of the corpus callosum body at the level of the primary motor cortex,CC_4,TractSeg,commissural,False,midline,,,
corpus callosum body,SNOMED:279307005,UBERON:0015510,fma61947,"The central, largest portion of the corpus callosum between the genu and splenium; fibers pass laterally through the corona radiata to connect frontal, parietal and temporal cortices of the two hemispheres",BCC; CC-BODY; corpus callosum body; truncus corporis callosi,ICBM-DTI-81,commissural,True,midline,DHBA:10564; FMA:61947; HBA:9224; NCIT:C32216; NeuroNamesCNID:177; SCTID:279307005; UMLS:C0152320; neuronames:195,"body of corpus callosum | body of the corpus callosum | corpus callosum truncus | corpus callosum, body | corpus callosum, corpus | trunculus corporis callosi | truncus corpus callosi | trunk of corpus callosum",True
corpus callosum body central,,,,Central segment of the corpus callosum body,CC-BODY-C,TRACULA ; ICBM-DTI-81 ; MGH_HCP,commissural,False,midline,,,
corpus callosum body parietal,,,,Parietal segment of the corpus callosum body,CC-BODY-P,TRACULA ; MGH_HCP,commissural,False,midline,,,
corpus callosum body prefrontal,,,,Prefrontal segment of the corpus callosum body,CC-BODY-PF,TRACULA ; MGH_HCP,commissural,False,midline,,,
corpus callosum body premotor,,,,Premotor segment of the corpus callosum body,CC-BODY-PM,TRACULA ; MGH_HCP,commissural,False,midline,,,
corpus callosum body temporal,,,,Temporal segment of the corpus callosum body,CC-BODY-T,TRACULA ; MGH_HCP,commissural,False,midline,,,
corpus callosum genu,SNOMED:279310003,UBERON:0015599,fma61946,"The anterior, rostral bend of the corpus callosum connecting the two prefrontal cortices",Entire genu of corpus callosum; corpus callosum genu,TractSeg ; ICBM-DTI-81 ; MGH_HCP,commissural,False,midline,DHBA:10563; FMA:61946; HBA:9223; MBA:1108; NCIT:C32675; neuronames:194; NeuroNamesCNID:176; NLX:144462; SCTID:279310003; UMLS:C0152321; Wikipedia:Genu_of_the_corpus_callosum,"corpus callosum, genu | genu | genu corporis callosi | genu corpus callosi | genu of corpus callosum | genu of the corpus callosum | rostrum of corpus callosum (Mai)",True
corpus callosum isthmus,,UBERON:0009835,,The narrow portion of the corpus callosum between the body and splenium; connects superior temporal and posterior parietal areas,CC_6,TractSeg,commissural,False,midline,BIRNLEX:936; BTO:0004249; FMA:271599; Wikipedia:Anterior_cingulate_cortex,ACC,no_id_supplied
corpus callosum posterior midbody,,,,Posterior portion of the corpus callosum body at the level of the primary somatosensory cortex,CC_5,TractSeg,commissural,False,midline,,,
corpus callosum rostral body,,,,Rostral body of the corpus callosum at the level of the premotor and supplementary motor cortex,CC_3,TractSeg,commissural,False,midline,,,
corpus callosum rostrum,SNOMED:279311004,UBERON:0015703,fma61945,The most anterior and ventral portion of the corpus callosum; connects orbitofrontal regions,CC_1,TractSeg ; MGH_HCP,commissural,False,midline,DHBA:10562; FMA:61945; HBA:9226; MBA:979; NCIT:C33496; neuronames:193; NeuroNamesCNID:175; SCTID:279311004; UMLS:C0152322; Wikipedia:Rostrum_of_corpus_callosum,"corpus callosum rostrum | corpus callosum, rostrum | rostrum | rostrum corporis callosi | rostrum corpus callosi | rostrum of corpus callosum | rostrum of the corpus callosum",True
corpus callosum splenium,SNOMED:369085008,UBERON:0022430,fma61948,The posterior bulbous end of the corpus callosum connecting the occipital and posterior parietal lobes; carries visual callosal fibers,CC_7; cingulum (Ammon's horn); cingulum (hippocampus); cingulum bundle in hippocampus,TractSeg ; ICBM-DTI-81 ; MGH_HCP,commissural,False,midline,,,False
Radiation of corpus callosum,SNOMED:279308000,UBERON:0035924,fma77693,The spreading out of the fibers of the corpus callosum in the centrum semiovale of each cerebral hemisphere.,corpus callosum radiation; radiatio corporis callosi,,,,,DHBA:12026; FMA:77693; HBA:265504962; neuronames:1336; SCTID:279308000,CCRD | radiatio corporis callosi | radiations of corpus callosum | radiations of the corpus callosum,True
corticopontine tract,SNOMED:362408003,UBERON:0022271,fma224856,Fibers from cortex projecting to the pontine nuclei via the cerebral peduncle; includes frontal (FPT) and parieto-occipital (POPT) components,CPT; FPT; cortico-pontine fibers; corticopontine fibers; tractus corticopontinus; fibrae corticopontinae; cortico-pontine fibers | cortico-pontine fibers; pontine part | corticopontine fibers | corticopontine fibers of pons | corticopontine fibers set | corticopontine fibres | fibrae corticopontinae | tractus corticopontinus,DSI_Studio ; Bullock_2022,projection,False,bilateral,DHBA:266441721; FMA:75190; HBA:265505490; neuronames:1322; SCTID:91366009; Wikipedia:Corticopontine_fibers,corticopontine | corticopontine fibres,False
corticostriatal tract,,,,"Fibers from motor, premotor, prefrontal and other cortical areas projecting to the caudate nucleus and putamen",CStr,DSI_Studio,projection,False,bilateral,,,
dentato-rubro-thalamic tract,SNOMED:1296813009,UBERON:0002594,fma72462,Cerebellar efferent pathway from the dentate nucleus crossing to the contralateral red nucleus and ventral lateral thalamus; involved in motor coordination,DRTT; tractus dentatothalamicus; dentatothalamic fibers; dentatothalamic tract; DT,DSI_Studio ; MGH_HCP,cerebellar,False,bilateral,BAMS:dt; BIRNLEX:1104; DHBA:12357; FMA:72462; neuronames:534; UMLS:C0175411; Wikipedia:Dentatothalamic_tract,tractus dentatothalamicus,False
fornix,SNOMED:87463005,UBERON:0000022,UBERON:0000052,"The major efferent tract of the hippocampus, arching from the hippocampus under the corpus callosum to the mammillary bodies and septal nuclei",FX,TractSeg ; ICBM-DTI-81 ; Bullock_2022 ; XTRACT,limbic_subcortical,False,mixed,BTO:0000447; EFO:0000955; GAID:1214; MAT:0000156; MESH:D005241; SCTID:410027006; Wikipedia:Feather,,False
fornix cres stria terminalis,,,,A ICBM-DTI-81 atlas label covering fibers of the fimbria-fornix and stria terminalis that cannot be resolved as separate structures at standard DTI resolution. The stria terminalis runs along the medial aspect of the caudate nucleus carrying amygdalofugal fibers to the hypothalamus and bed nucleus of the stria terminalis. Labeled as a combined entry in ICBM-DTI-81 because both structures share the same spatial volume at 1-2mm isotropic resolution.,FX/ST; ST,ICBM-DTI-81,association,True,bilateral,,,
frontal aslant tract,,,,"Short frontal association tract connecting the supplementary motor area complex (SMA, pre-SMA) and lateral superior frontal gyrus to the pars opercularis and pars triangularis of the inferior frontal gyrus and the anterior insula (middle insular area); runs in an oblique aslant orientation within the frontal lobe, medial to SLF II and lateral to the frontostriatal tract. Involved in speech initiation and inhibition, verbal fluency, lexical decision, working memory, visuo-motor integration, and inhibitory motor control. Left-lateralized in most right-handed adults. Insula termination via the salience network node at the fronto-insular cortex established by La Corte et al. 2021 (PMC7959833).",FAT,TRACULA ; MGH_HCP ; XTRACT ; La_Corte_2021_PMC7959833,association,False,bilateral,,,
fronto-pontine tract,SNOMED:1296815002,,fma75223,,FPT,TractSeg ; MGH_HCP ; Bullock_2022,projection,False,bilateral,,,
inferior fronto-occipital fasciculus,SNOMED:369087000,UBERON:0034753,fma77633,Long association bundle passing through the external/extreme capsule connecting frontal lobe with occipital and posterior temporal cortex; runs ventral to the uncinate fasciculus,IFO; IFOF; inferior occipitofrontal fasciculus,AFQ ; ICBM-DTI-81 ; JHU_Tractography ; Bullock_2022 ; Pestilli_Brainlife ; XTRACT,association,False,bilateral,DHBA:12070; FMA:77633; neuronames:1442; SCTID:369087000,fasciculus occipito-frontalis inferior | fasciculus occipitofrontalis inferior | inferior fronto-occipital fasciculus | inferior occipitofrontal fasciculus,True
anterior limb of internal capsule,SNOMED:3003007,UBERON:0014526,fma61952,"The anterior subdivision of the internal capsule lying between the head of the caudate nucleus and the anterior lentiform nucleus; carries frontopontine fibers, corticostriatal fibers, and the anterior thalamic radiation connecting mediodorsal and anterior thalamic nuclei with prefrontal and anterior cingulate cortex. A major target for deep brain stimulation and capsulotomy in treatment-resistant OCD and depression.",ALIC; capsula interna; pars anterior | crus anterius capsulae internae,ICBM-DTI-81 ; Bullock_2022,projection,False,bilateral,BAMS:aic; DHBA:10582; FMA:61952; neuronames:199; NLX:144257; SCTID:279295005; Wikipedia:Anterior_limb_of_internal_capsule,anterior internal capsule | anterior limb,False
posterior limb of internal capsule,SNOMED:54728004,UBERON:0014527,fma61954,"The posterior subdivision of the internal capsule lying between the thalamus and the posterior lentiform nucleus; carries the corticospinal and corticobulbar tracts, superior thalamic radiation, and parietopontine and temporopontine fibers. Damage produces contralateral hemiplegia; the posterior limb is the most clinically critical segment of the internal capsule.",PLIC; capsula interna; pars posterior | crus posterius capsulae internae,ICBM-DTI-81 ; Bullock_2022,projection,False,bilateral,BAMS:pic; DHBA:10584; FMA:61954; neuronames:201; NLX:144258; SCTID:279296006; Wikipedia:Posterior_limb_of_internal_capsule,posterior internal capsule | posterior limb | posterior limb of the internal capsule,False
retrolenticular part of internal capsule,,UBERON:0034749,fma61957,"The portion of the internal capsule posterior to the lentiform nucleus; carries the posterior thalamic radiation including the optic radiation from the lateral geniculate nucleus, and parietopontine and occipito-pontine fibers. Damage produces contralateral hemianopia.",RLIC; pars retrolentiformis; postlenticular portion of internal capsule; retrolenticular limb; retrolentiform limb,ICBM-DTI-81,projection,False,bilateral,DHBA:12052; FMA:61957; neuronames:203; SCTID:362363008,pars retrolenticularis capsulae internae | pars retrolentiformis (capsulae internae) | postlenticular portion of internal capsule | retrolenticular part of internal capsule | retrolenticular part of the internal capsule,no_id_supplied
medial forebrain bundle,,UBERON:0001910,fma62064,"A complex bundle of fibers connecting the olfactory regions, hypothalamus, and midbrain; includes dopaminergic projections of the reward system",medial forebrain fasciculus; telencephalic medial fasciculus; MFB,Bullock_2022,limbic_subcortical,False,bilateral,BAMS:mfb; BIRNLEX:908; DHBA:10587; FMA:62064; GAID:736; HBA:265505190; MBA:54; MESH:D008474; NCIT:C13083; neuronames:433; TAO:0005111; UMLS:C0025055; Wikipedia:Medial_forebrain_bundle; ZFA:0005111,fasciculus longitudinalis telencephali medialis | fasciculus medialis telencephali | fasciculus medialis telencephalicus | fasciculus prosencephalicus medialis | medial forebrain bundles | median forebrain bundle,no_id_supplied
medial lemniscus,SNOMED:30114003,UBERON:0003002,fma83675,Sensory pathway carrying discriminative touch and proprioception from the contralateral body; ascends through the brainstem to the thalamus,Lemniscus medialis; Medial lemniscus; Medial lemniscus structure,DSI_Studio ; ICBM-DTI-81,brainstem_intrinsic,False,bilateral,BAMS:MEL; BAMS:ml; BIRNLEX:887; BM:LM; DHBA:12763; DMBA:17776; FMA:83675; HBA:12961; MBA:697; neuronames:1583; SCTID:362398006; Wikipedia:Medial_lemniscus,lemniscus medialis | Reil's band | Reil's ribbon,False
cerebral crus,,UBERON:0002631,fma72464,"anterior, superficial portion of the cerebral peduncle located in the midbrain. It consists entirely of white matter tracts descending from the cerebral cortex",crus cerebri; crura cerebri; base of cerebral peduncle; cerebral peduncle (clinical definition); CCR,,,,,BAMS:cp; BIRNLEX:1218; BTO:0004677; EMAPA:37499; EV:0100243; FMA:72464; MA:0001056; MESH:D065843; NCIT:C32409; neuronames:539; UMLS:C0175414; Wikipedia:Cerebral_crus,"base of cerebral peduncle | basis cerebri (Oertel) | basis pedunculi (Oertel) | basis pedunculi cerebri (Willis) | cerebral peduncle, basal part | crus cerebri | crus of the cerebral peduncle | pars neo-encephalica pedunculi | pedunculus cerebri, pars basalis | pes pedunculi | pes pedunculi of midbrain",no_id_supplied
cerebral peduncle,SNOMED:362391000,UBERON:0002623,fma62394,"paired, pillar-like structures in the midbrain that connect the cerebrum to the brainstem. They carry major descending motor pathways (like the corticospinal tract).",Entire cerebral peduncle; Basis pedunculi; peduncle of midbrain; pedunculus cerebri; pedunculus cerebralis; pedunculi cerebri; cerebral peduncle; CP,ICBM-DTI-81,projection,False,bilateral,BAMS:cpd; BIRNLEX:1202; BM:CP; BTO:0004676; EFO:0001987; FMA:62394; MBA:924; MESH:D065850; NCIT:C32291; neuronames:487; SCTID:362391000; UMLS:C0007793; Wikipedia:Cerebral_peduncle,cerebal peduncle | cerebral peduncle (archaic) | pedunculi cerebri | pedunculus cerebralis | pedunculus cerebri | tegmentum,True
inferior cerebellar peduncle,SNOMED:362418008,UBERON:0002163,fma72615,Carries afferents to the cerebellum from the spinal cord (spinocerebellar) and brainstem (olivocerebellar); also contains efferent fibers,ICP; corpus restiforme; restiform body,TractSeg ; ICBM-DTI-81,cerebellar,False,bilateral,BAMS:icp; BIRNLEX:1691; BM:RB; DHBA:12741; DMBA:17772; FMA:72615; HBA:9291; MA:0002744; MBA:1123; neuronames:781; NIFSTD_RETIRED:birnlex_1645; SCTID:362418008; UMLS:C0152393; Wikipedia:Inferior_cerebellar_peduncle,crus cerebelli ad medullam oblongatam | crus medullo-cerebellare | inferior cerebellar peduncle (restiform body) | inferior cerebellar peduncle (Ridley) | inferior peduncle | pedunculus cerebellaris caudalis | pedunculus cerebellaris inferior,True
middle cerebellar peduncle,SNOMED:279219000,UBERON:0002152,fma72515,The largest cerebellar peduncle; carries pontocerebellar fibers from the contralateral pontine nuclei to the cerebellar cortex,MCP; brachium pontis,TractSeg ; ICBM-DTI-81 ; XTRACT,cerebellar,False,bilateral,BAMS:BP; BAMS:bp; BAMS:mcp; BIRNLEX:1529; BM:Pons-BP; DHBA:12768; FMA:72515; HBA:9294; MA:0002745; MBA:78; MESH:D065837; neuronames:620; NIFSTD_RETIRED:birnlex_1699; SCTID:279219000; UMLS:C0152392; Wikipedia:Middle_cerebellar_peduncle,brachium pontis (stem of middle cerebellar peduncle) | crus cerebelli ad pontem | crus ponto-cerebellare | mid-cerebellar peduncle | pedunculus cerebellaris medialis | pedunculus cerebellaris medius | pedunculus cerebellaris pontinus,True
superior cerebellar peduncle,SNOMED:279218008,UBERON:0002150,fma72495,Primary efferent pathway of the cerebellum; carries dentate nucleus output to the contralateral red nucleus and thalamus,SCP; brachium conjunctivum,TractSeg ; ICBM-DTI-81,cerebellar,False,bilateral,BAMS:5; BAMS:scp; BIRNLEX:1711; BM:BC; DHBA:12354; DMBA:17793; HBA:9297; MA:0002746; MBA:326; neuronames:1736; SCTID:279218008; UMLS:C0152391; Wikipedia:Superior_cerebellar_peduncle,"crus cerebello-cerebrale | pedunculus cerebellaris cranialis | pedunculus cerebellaris rostralis | pedunculus cerebellaris superior | scp | superior cerebelar peduncles | superior cerebellar peduncle (brachium conjuctivum) | superior cerebellar peduncle (brachium conjunctivum) | superior cerebellar peduncle (Galen, Stilling) | superior peduncle | tractus cerebello-rubralis | tractus cerebello-tegmentalis mesencephali",True
middle longitudinal fasciculus,,,,Association bundle connecting the superior temporal gyrus with the parietal lobe; involved in auditory and language processing,MLF; MdLF,TractSeg ; Bullock_2022 ; Pestilli_Brainlife ; XTRACT,association,False,bilateral,,,
middle longitudinal fasciculus angular,,,,The angular gyrus subdivision of the middle longitudinal fasciculus; connects the superior temporal gyrus with the inferior parietal lobule (angular gyrus). Identified as a distinct component in Bullock et al. 2019 and Makris et al. 2013. Corresponds to the inferior parietal termination consistent with monkey tract-tracing data.,MdLF-Ang,Pestilli_Brainlife ; Bullock_2022,association,False,bilateral,,,
middle longitudinal fasciculus superior parietal,,,,"The superior parietal lobule subdivision of the middle longitudinal fasciculus; connects the superior temporal gyrus with the superior parietal lobule. Described in Bullock et al. 2019 and Makris et al. 2013. This component is debated: monkey tract-tracing does not show strong superior temporal to superior parietal connectivity, raising the possibility of a human-specific pathway or tractography false positive.",MdLF-SPL,Pestilli_Brainlife ; Bullock_2022,association,False,bilateral,,,
optic radiation,SNOMED:280953008,UBERON:0022264,fma61941,Geniculocalcarine tract carrying visual information from the lateral geniculate nucleus to the primary visual cortex; includes Meyer loop (lower visual field) inferolaterally through temporal lobe,Geniculocalcarine tract; Optic radiation; Structure of optic radiation; Gratiolet's radiation,TractSeg ; MGH_HCP ; XTRACT,projection,False,bilateral,DHBA:266441621; FMA:61941; HBA:9311; neuronames:1440; SCTID:280953008; Wikipedia:Optic_radiation,archambault%27s loop | genicula-celcarine tract | geniculo-calcarine tract | geniculocalcarine tract | geniculostriate pathway | meyer's loop | optic radiations | radiatio optica | railroad nystagmus,True
parieto-occipital pontine tract,,,,Corticopontine fibers from parietal and occipital cortex projecting to the pontine nuclei via the posterior limb of the internal capsule,POPT,TractSeg ; MGH_HCP ; Bullock_2022,projection,False,bilateral,,,
reticulospinal tract,SNOMED:1296557000,UBERON:0022943,,The reticulospinal tract (or anterior reticulospinal tract) is an extrapyramidal motor tract which travels from the reticular formation,RET; reticulospinal tract,DSI_Studio,projection,False,bilateral,BIRNLEX:1471; neuronames:805; UMLS:C0175558; Wikipedia:Reticulospinal_tract,,False
medulla reticulospinal tract,SNOMED:1296563009  ,UBERON:0004173,fma73989,Reticulospinal fibers from the reticular formation of the brainstem descending to the spinal cord; modulates muscle tone and autonomic functions,Medullary reticulospinal tract; medullary reticulospinal tract,DSI_Studio,projection,False,bilateral,FMA:73989; neuronames:2838,,False
pontine reticulospinal tract,,,fma73989,Axon tract that carries efferent (outgoing) action potentials from the cell body in the pons towards target cells in the spinal cord.,pons reticulospinal tract,DSI_Studio,projection,False,bilateral,,,
striato-fronto-orbital tract,,,,Corticostriatal fibers between orbitofrontal cortex and striatum,ST_FO,TractSeg,projection,False,bilateral,,,
striato-occipital tract,,,,Corticostriatal fibers between occipital cortex and striatum,ST_OCC,TractSeg,projection,False,bilateral,,,
striato-parietal tract,,,,Corticostriatal fibers between parietal cortex and striatum,ST_PAR,TractSeg,projection,False,bilateral,,,
striato-postcentral tract,,,,Corticostriatal fibers between somatosensory cortex and striatum,ST_POSTC,TractSeg,projection,False,bilateral,,,
striato-precentral tract,,,,Corticostriatal fibers between primary motor cortex and striatum,ST_PREC,TractSeg,projection,False,bilateral,,,
striato-prefrontal tract,,,,Corticostriatal fibers between prefrontal cortex and striatum,ST_PREF,TractSeg,projection,False,bilateral,,,
striato-premotor tract,,,,Corticostriatal fibers between premotor cortex and striatum,ST_PREM,TractSeg,projection,False,bilateral,,,
superior longitudinal fasciculus I,,,,Dorsomedial SLF subdivision connecting precuneus and superior parietal lobule with supplementary motor area and dorsomedial prefrontal cortex,SLF-I; SLF_I,TractSeg ; Bullock_2022 ; XTRACT,association,False,bilateral,,,
superior longitudinal fasciculus II,,,,Middle SLF subdivision connecting angular gyrus with dorsolateral prefrontal cortex,SLF-II; SLF_II,TractSeg ; Bullock_2022 ; XTRACT,association,False,bilateral,,,
superior longitudinal fasciculus III,,,,Ventral SLF subdivision in the frontal and parietal operculum connecting supramarginal gyrus with inferior frontal gyrus,SLF-III; SLF_III,TractSeg ; Bullock_2022 ; XTRACT,association,False,bilateral,,,
superior thalamic radiation,SNOMED:369211000,,,Thalamocortical fibers connecting the ventral posterior thalamic nucleus with the primary somatosensory cortex,STR,TractSeg ; XTRACT,projection,False,bilateral,,,
temporo-parietal connection to superior parietal lobule,,,,Association fibers connecting superior temporal cortex with the superior parietal lobule,TP-SPL,Pestilli_Brainlife ; Bullock_2022,association,False,bilateral,,,
thalamo-occipital tract,,,,Thalamocortical fibers connecting the pulvinar with occipital cortex,T_OCC,TractSeg,projection,False,bilateral,,,
thalamo-parietal tract,,,,Thalamocortical fibers connecting pulvinar and LP nucleus with posterior parietal cortex,T_PAR,TractSeg,projection,False,bilateral,,,
thalamo-postcentral tract,,,,Thalamocortical fibers connecting ventral posterior thalamic nucleus with primary somatosensory cortex,T_POSTC,TractSeg,projection,False,bilateral,,,
thalamo-precentral tract,,,,Thalamocortical fibers connecting ventral lateral thalamic nucleus with primary motor cortex,T_PREC,TractSeg,projection,False,bilateral,,,
thalamo-prefrontal tract,,,,Thalamocortical fibers connecting mediodorsal and anterior thalamic nuclei with prefrontal cortex,T_PREF,TractSeg,projection,False,bilateral,,,
thalamo-premotor tract,,,,Thalamocortical fibers connecting ventral lateral thalamic nucleus with premotor cortex,T_PREM,TractSeg,projection,False,bilateral,,,
vertical occipital fasciculus,SNOMED:80434005,,fma321543,Short association tract connecting dorsal and ventral occipital cortex running perpendicular to the calcarine sulcus; described by Wernicke (1881),Perpendicular fasciculus; Structure of vertical occipital fasciculus; Vertical occipital fasciculus,Pestilli_Brainlife ; Bullock_2022 ; XTRACT,association,False,bilateral,,,
corona radiata,,UBERON:0004682,fma18661,"Fan shaped white matter mass comprised of afferent and efferent fibers from the cerebral cortex arranged in radially arrayed bundles, converging towards the internal capsule.",corona radiata of neuraxis; corona radiata,ICBM-DTI-81,projection,True,bilateral,DHBA:12030; FMA:18661; HBA:265505046; NLXANAT:090903; Wikipedia:Corona_radiata; neuronames:1446,,no_id_supplied
anterior corona radiata,,UBERON:0022425,fma277081,The anterior subdivision of the corona radiata containing thalamocortical and corticothalamic fibers connecting the anterior thalamic nucleus and mediodorsal thalamic nucleus with the prefrontal and anterior cingulate cortex; bounded posteriorly at the level of the posterior edge of the genu of the corpus callosum.,ACR; anterior portion of corona radiata,ICBM-DTI-81,projection,True,bilateral,DHBA:15541,cor-a,no_id_supplied
superior corona radiata,,UBERON:0022426,fma277085,The superior subdivision of the corona radiata comprising projection fibers between the motor and sensory cortices and the thalamus; bounded anteriorly at the posterior edge of the genu and posteriorly at the anterior edge of the splenium of the corpus callosum.,SCR; superior portion of corona radiata,ICBM-DTI-81,projection,True,bilateral,DHBA:15542,cor-s,no_id_supplied
posterior corona radiata,,UBERON:0022427,fma277083,The posterior subdivision of the corona radiata containing fibers from the posterior parietal and occipital cortices projecting to and from the posterior thalamus; overlaps spatially with the superior longitudinal fasciculus and posterior thalamic radiation at its margins.,PCR; posterior portion of corona radiata,ICBM-DTI-81,projection,True,bilateral,DHBA:15543,cor-p,no_id_supplied
posterior thalamic radiation,,UBERON:0034747,fma76982,"Thalamocortical fibers connecting the posterior thalamus (pulvinar, lateral geniculate nucleus) with the parietal, occipital and posterior temporal cortices; includes the optic radiation as its ventral component. In the ICBM-DTI-81 atlas this label explicitly encompasses the optic radiation.",PTR; Posterior radiation of thalamus; Radiatio posterior thalami; Radiatio thalamica posterior; Radiations thalamiques postérieures; posterior thalamic radiation; radiatio posterior thalami; radiatio thalamica posterior,ICBM-DTI-81,projection,False,bilateral,DHBA:12053; FMA:76982; neuronames:2083,posterior thalamic radiation | posterior thalamic radiations | pthr | radiationes thalamicae posteriores,no_id_supplied
sagittal stratum,,UBERON:0035931,fma277107,A sheet of white matter in the temporal and occipital lobes containing the inferior longitudinal fasciculus and inferior fronto-occipital fasciculus running in parallel; in the ICBM-DTI-81 atlas this label bundles both tracts together as they cannot be resolved separately at standard DTI resolution.,SS,ICBM-DTI-81,association,True,bilateral,DHBA:12082; FMA:277107; HBA:265505286,sst,no_id_supplied
subcallosal fasciculus,,UBERON:0022250,fma77637,"White matter bundle running dorsal to the caudate nucleus and curving around its upper edge; carries corticostriatal fibers primarily from dorsal prefrontal, anterior cingulate, and association cortices to the caudate nucleus. Distinguished from the external capsule in that Muratoff's bundle fibers more commonly terminate in the caudate whereas external capsule fibers more commonly terminate in the putamen. Discussed in Bullock et al. 2022 as distinct from the external capsule and superior fronto-occipital fasciculus.",MB; Muratoff's bundle; muratoff bundle; fasciculus occipitofrontalis superior; fasciculus subcallosus; superior occipitofrontal fasciculus,Bullock_2022,association,False,bilateral,DHBA:12071; FMA:77634; FMA:77637; HBA:265505338; neuronames:2141; SCTID:369086009,subcallosal bundle | superior fronto-occipital bundle | superior fronto-occipital fasciculus | superior occipito-frontal fascicle | superior occipitofrontal fasciculus,no_id_supplied
superior fronto-occipital fasciculus,SNOMED:369086009,UBERON:0022250,fma77634,"A white matter bundle running along the dorsomedial margin of the internal capsule connecting frontal lobe with posterior cortical areas; its anatomical independence from the anterior limb of the internal capsule is debated, and in the ICBM-DTI-81 atlas it is explicitly noted as possibly representing part of the anterior internal capsule rather than a distinct fasciculus.",SFO; SFOF; fasciculus occipitofrontalis superior; fasciculus subcallosus; subcallosal bundle; superior fronto-occipital bundle; superior fronto-occipital fasciculus; superior occipito-frontal fascicle; superior occipitofrontal fasciculus,ICBM-DTI-81,association,False,bilateral,DHBA:12071; FMA:77634; FMA:77637; HBA:265505338; neuronames:2141; SCTID:369086009,subcallosal bundle | superior fronto-occipital bundle | superior fronto-occipital fasciculus | superior occipito-frontal fascicle | superior occipitofrontal fasciculus,True
superior longitudinal fasciculus temporal part,,UBERON:0022420,,The temporal component of the superior longitudinal fasciculus connecting posterior superior temporal gyrus and angular gyrus with inferior frontal and prefrontal cortex; corresponds to the arcuate fasciculus in many classification schemes. Identified as a distinct probabilistic label in the JHU White Matter Tractography Atlas.,"SLF-T; tSLF; superior longitudinal fasciculus, temporal division; superior longitudinal fasciculus; temporal division",JHU_Tractography,association,False,bilateral,,,no_id_supplied
spinothalamic tract,SNOMED:729386008,UBERON:0007703,fma0327373,"Ascending sensory projection pathway of the anterolateral system carrying pain, temperature, and crude touch signals from the contralateral dorsal horn of the spinal cord to the ventral posterolateral nucleus of the thalamus; decussates in the spinal cord within 1-2 segments of entry. Subdivided into anterior (crude touch) and lateral (pain/temperature) components.",anterolateral system; anterolateral tract; lateral spinothalamic tract; ventral spinothalamic tract; tractus spinothalamicus,,projection,False,bilateral,BAMS:spth; BAMS:stt; DHBA:12789; MBA:871; NLXANAT:1010017; SCTID:280417000; Wikipedia:Spinothalamic_tract; neuronames:2058; BTO:0006128; MESH:D013133,,False
lateral lemniscus,SNOMED:362399003,UBERON:0002953,fma72502,Primary ascending auditory tract of the brainstem; arises from the cochlear nuclei and the superior olivary complex and ascends through the lateral tegmentum of the pons to terminate in the inferior colliculus. Conveys both ipsilateral and contralateral auditory signals and is the principal white matter pathway for binaural hearing at the brainstem level.,lemniscus lateralis; lateral acoustic lemniscus; Lateral fillet; lateral fillet,,brainstem_intrinsic,False,bilateral,BAMS:II; BAMS:ll; BIRNLEX:976; BM:Pons-LL; DHBA:12760; DMBA:17774; FMA:72502; HBA:12958; MBA:658; neuronames:609; SCTID:362399003; UMLS:C0152375; Wikipedia:Lateral_lemniscus,central acoustic tract | lateral lemniscus (Reil) | lemniscus acusticus | lemniscus lateralis,True
brachium of inferior colliculus,,UBERON:0003025,fma71114,White matter bundle carrying auditory signals from the inferior colliculus to the medial geniculate nucleus of the thalamus; forms the final brainstem relay of the ascending auditory pathway before the acoustic radiation. Runs along the lateral surface of the midbrain under the medial geniculate body.,brachium colliculi inferioris; inferior brachium; inferior colliculus brachium; BIC; brachium of medial geniculate; inferior collicular brachium; inferior quadrigeminal brachium; peduncle of inferior colliculus,,brainstem_intrinsic,False,bilateral,BAMS:BIC; BAMS:bic; BIRNLEX:929; BM:MB-BSC; DHBA:12327; DMBA:17753; FMA:71114; HBA:265505386; MBA:482; neuronames:480; UMLS:C0175372; Wikipedia:Brachium_of_inferior_colliculus,brachium colliculi caudalis | brachium colliculi inferioris | brachium of the inferior colliculus | brachium quadrigeminum inferius | nucleus of the brachium of the inferior colliculus,no_id_supplied
mammillothalamic tract,SNOMED:369139008,UBERON:0006696,,Dense myelinated limbic tract projecting from the mammillary bodies of the hypothalamus to the anterior thalamic nucleus; a critical node of the Papez circuit and essential for episodic memory formation and spatial navigation. Also called the bundle of Vicq d'Azyr. Bilaterally symmetric; visible on high-resolution structural MRI despite sub-millimeter diameter.,bundle of Vicq d'Azyr; fasciculus mamillothalamicus; mammillo-thalamic tract; MTT; tractus mamillothalamicus; Vicq d'Azyr bundle; fasciculus mammillothalamicus; mammillothalamic fasciculus; mammillothalamic tract; vicq d'azyr's bundle,,limbic_subcortical,False,bilateral,BAMS:mt; BAMS:mtt; DHBA:10586; DMBA:17782; FMA:83849; HBA:9266; neuronames:2438; NLXANAT:1010016; Wikipedia:Mammillothalamic_fasciculus,bundle of vicq d%27azyr | bundle of vicq d%e2%80%99azyr | fasciculus mammillothalamicus | mamillo-thalamic tract | mammillo-thalamic fasciculus | mammillo-thalamic tract | mammillothalamic tract | thalamomammillary fasciculus,False
mammillotegmental tract,SNOMED:369140005,UBERON:0006698,,Descending limbic tract arising as a caudal branch of the mammillothalamic fasciculus from the mammillary bodies and projecting into the tegmentum of the midbrain and pons; modulates reticular and autonomic activity related to arousal and visceral function. A sister pathway to the mammillothalamic tract that is frequently co-described with it in classic neuroanatomy texts.,fasciculus mamillotegmentalis; mammillo-tegmental tract; MTgT; Gudden tract; mammillotegmental fasciculus; mammillotegmental tract; mammillotegmental tract of hypothalamus; von Gudden's tract; MTG,,limbic_subcortical,False,bilateral,BAMS:mtg; BIRNLEX:1497; DHBA:12065; DMBA:17781; FMA:62058; HBA:265505178; MBA:681; neuronames:423; SCTID:369140005; UMLS:C0228376,fasciculus mamillotegmentalis | mammillo-tegmental tract | mammillotegmental tract (Gudden) | medial tegmental tract | tractus hypothalamicotegmentalis | tractus hypothalamotegmentalis | tractus mamillo-tegmentalis | tractus mammillotegmentalis,True
stria medullaris thalami,SNOMED:362368004,UBERON:0006086,fma62080,"A thin white matter fiber bundle running along the medial surface of the thalamus from the septal nuclei, basal forebrain, and anterior hypothalamus to the habenular nuclei of the epithalamus; forms the dorsomedial boundary of the thalamus and serves as the principal input pathway to the habenula. Not to be confused with the stria medullaris of the fourth ventricle (a cerebellar structure).",habenular stria; stria habenularis; stria medullaris; stria medullares thalami; SM; stria medullaris (Wenzel-Wenzel); stria medullaris of thalamus; stria medullaris thalami; stria medullaris thalamica,,limbic_subcortical,False,bilateral,BAMS:sm; BAMS:st; BAMS:St.m.; BIRNLEX:1066; BM:Die-SM; DHBA:10590; DMBA:17794; EMAPA:36607; FMA:62080; HBA:9275; MBA:802; neuronames:298; SCTID:362368004; UMLS:C0228321; Wikipedia:Stria_medullaris_of_thalamus,stria medularis | stria medullaris (Wenzel-Wenzel) | stria medullaris of the thalamus,True
fasciculus retroflexus,,UBERON:0002138,,"A prominent descending epithalamic tract connecting the habenular nuclei (medial and lateral) to the interpeduncular nucleus of the midbrain tegmentum; heavily implicated in reward signaling, aversion processing, and anti-nociception via serotonergic and dopaminergic modulation. One of the most phylogenetically conserved tracts in the vertebrate brain. Also called the habenulo-interpeduncular tract or Meynert's bundle.",habenulointerpeduncular tract; habenulo-interpeduncular tract; Meynert's bundle; FR; tractus retroflexus; habenular commissure tract; fasciculus retroflexus; fasciculus retroflexus (Meynert); habenulointerpeduncular fasciculus; habenulopeduncular tract; Meynert's retroflex bundle; tractus habenulo-interpeduncularis,,limbic_subcortical,False,bilateral,BAMS:fr; BIRNLEX:1504; BM:HPT; DMBA:17790; EMAPA:36606; FMA:72400; HBA:12953; MBA:595; neuronames:2318; SCTID:369194000; TAO:0000353; UMLS:C0228391; ZFA:0000353,fasciculus habenulo-interpeduncularis | fasciculus retroflexi | fasciculus retroflexus (of Meynert) | habenulointerpeduncular tract | rf | tractus habenulo-intercruralis | tractus habenulointercruralis | tractus habenulointerpeduncularis | tractus retroflexus (Meynert),no_id_supplied
diagonal band of Broca,,UBERON:0002741,fma61973,"A major cholinergic basal forebrain pathway running diagonally from the medial septal nucleus and nucleus of the diagonal band toward the olfactory bulb, amygdala, and hippocampus; principal source of cholinergic innervation to the hippocampus and olfactory cortex. Contains two limbs: a vertical limb (vDB) projecting to the hippocampus and a horizontal limb (hDB) projecting to the olfactory bulb.",broca's diagonal band; nucleus of diagonal band; diagonal band; diagonal gyrus; DBB; stria diagonalis; olfactory fasciculus; olfactory radiations of Zuckerkandl; broca’s diagonal gyrus; broca's diagonal gyrus; diagonal band of Broca,,limbic_subcortical,False,bilateral,BAMS:db; BIRNLEX:1551; BTO:0002445; DHBA:12034; FMA:61973; GAID:684; MESH:D020667; neuronames:285; UMLS:C0175226; Wikipedia:Diagonal_band_of_Broca,band of Broca | bandaletta diagonalis (Broca) | bandeletta diagonalis | diagonal band(Broca) | fasciculus diagonalis Brocae | fasciculus olfactorius | fasciculus olfactorius (hippocampi) | fasciculus olfactorius cornu Ammonis | fasciculus septo-amygdalicus | gyrus diagonalis | gyrus diagonalis rhinencephli | stria diagonalis | stria diagonalis (Broca),no_id_supplied
corticobulbar tract,SNOMED:361565003,UBERON:0022272,fma275544,"Motor projection pathway descending alongside the corticospinal tract from the motor and premotor cortex to the motor nuclei of cranial nerves V, VII, IX, X, XI, and XII in the brainstem; controls voluntary movements of the face, jaw, tongue, pharynx, and larynx. Also called the corticonuclear tract. Unlike the corticospinal tract, many corticobulbar projections are bilateral to allow preserved function after unilateral lesions, with the notable exception of the lower face representation of CN VII.",corticonuclear tract; corticobulbar fibers; tractus corticobulbaris; CBT; corticonuclear fibers,,projection,False,bilateral,DHBA:12774; FMA:275544; HBA:265505058; MBA:994; neuronames:1319; Wikipedia:Corticobulbar_tract,bulbar | cbu-h | cortico-bulbar tract | corticobulbar | corticobulbar axons | corticobulbar fiber | corticobulbar fibre | corticobulbar pathway | corticonuclear tract,False
central tegmental tract,SNOMED:369034000,UBERON:0009643,fma83850,"One of the largest and most prominent fiber systems of the brainstem tegmentum; descends from the red nucleus, periaqueductal gray, and basal ganglia output nuclei to the inferior olivary nucleus of the medulla, and also contains ascending fibers from the reticular formation to the thalamus. Critical for motor coordination and cerebellar loop function. Degeneration of the central tegmental tract is a hallmark of hypertrophic olivary degeneration (HOD), visible as T2 signal change in the inferior olive on MRI.",tractus tegmentalis centralis; CTT; central tract of tegmentum,,brainstem_intrinsic,False,bilateral,BAMS:ctg; DHBA:12730; FMA:83850; HBA:12952; neuronames:2204; NLXANAT:1010012; SCTID:369034000; Wikipedia:Central_tegmental_tract,,True
rubrospinal tract,SNOMED:369264001,UBERON:0002714,fma72640,Descending extrapyramidal motor tract arising from the red nucleus of the midbrain tegmentum; decussates immediately in the ventral tegmental decussation and descends in the lateral funiculus of the spinal cord to facilitate flexor muscle tone and modulate distal limb movements. Prominent and functionally critical in non-human primates; considerably reduced in humans where corticospinal input to the red nucleus partially substitutes its role. Difficult to isolate in human DTI due to its small cross-section.,tractus rubrospinalis; RST; Monakow's tract; rubrospinal tract (Monakow),,projection,False,bilateral,BAMS:rs; BAMS:rust; BIRNLEX:1476; BTO:0006159; DHBA:12782; DMBA:17792; FMA:72640; MBA:863; neuronames:806; SCTID:369264001; UMLS:C0152377; Wikipedia:Rubrospinal_tract,tractus rubrospinalis,True
vestibulospinal tract,SNOMED:369289007,UBERON:0002768,fma72646,"Descending extrapyramidal pathway from the vestibular nuclei of the medulla to the spinal cord; mediates postural reflexes and extensor muscle tone in response to head position and movement. Composed of two divisions: the lateral vestibulospinal tract (from Deiters nucleus, uncrossed, full spinal extent) facilitating extensor tone, and the medial vestibulospinal tract (bilateral, restricted to cervical cord) coordinating head and neck posture via the medial longitudinal fasciculus.",tractus vestibulospinalis; lateral vestibulospinal tract; medial vestibulospinal tract; VST; vestibulo-spinal tract,,projection,False,bilateral,BAMS:vs; BIRNLEX:1643; FMA:72646; MBA:941; neuronames:812; SCTID:369289007; TAO:0000709; UMLS:C0152404; Wikipedia:Vestibulospinal_tract; ZFA:0000709,tractus vestibulospinalis | vestibulo-spinal tracts | vestibulospinal pathway | vestibulospinal tracts,True
tectospinal tract,SNOMED:1296555008,UBERON:0002949,fma72620,Descending extrapyramidal tract from the superior colliculus of the midbrain tectum; decussates in the dorsal tegmental decussation (fountain decussation of Meynert) and descends in the anterior funiculus of the cervical spinal cord to coordinate reflexive head and eye movements toward contralateral visual stimuli. Functionally important for orienting responses; closely associated with tecto-reticular projections.,tractus tectospinalis; colliculospinal tract; TST; Held's bundle; tectospinal pathway,,projection,False,bilateral,BAMS:ts; BAMS:tsp; BIRNLEX:759; BM:TSp; DHBA:12794; DMBA:17802; FMA:72620; HBA:265505662; MBA:877; neuronames:786; UMLS:C0228553; Wikipedia:Tectospinal_tract,tectospinal pathway | tectospinal tract | tectospinal tract of the medulla | tractus tectospinalis,False
dorsal longitudinal fasciculus,,UBERON:0003045,fma83845,A diffuse periventricular visceral pathway running along the floor of the fourth ventricle and the periaqueductal gray; connects the hypothalamus with parasympathetic and sympathetic preganglionic nuclei throughout the brainstem and contains reciprocal ascending and descending autonomic fibers. Also called Schütz's bundle. Distinct from the medial longitudinal fasciculus: the DLF is a visceral/autonomic tract whereas the MLF is a somatic/oculomotor tract.,Schütz bundle; Schütz's bundle; DLF; fasciculus longitudinalis dorsalis; posterior longitudinal fasciculus; bundle of Schütz; bundle of Schutz; fasciculus longitudinalis posterior; fasciculus of Schutz,,brainstem_intrinsic,False,bilateral,BAMS:dlf; BAMS:VCo; BIRNLEX:986; DHBA:12035; FMA:83845; HBA:9348; MBA:547; neuronames:722; Wikipedia:Dorsal_longitudinal_fasciculus; ZFA:0005266,accessory cochlear nucleus | DLF | dorsal longitudinal fascicle | fasciculus longitudinalis dorsalis | fasciculus longitudinalis posterior | nucleus acustici accessorici | nucleus cochlearis anterior | nucleus cochlearis ventralis | ventral cochlear nuclei | ventral division of cochlear nucleus,no_id_supplied
ansa lenticularis,SNOMED:37467007,UBERON:0002706,fma62070,A looping white matter bundle exiting the ventral medial globus pallidus internus; curves ventrally around the posterior limb of the internal capsule and rostrally into the subthalamic region to join the thalamic fasciculus (Field H1 of Forel) before entering the motor thalamus. Together with the lenticular fasciculus it constitutes the primary output pathway of the basal ganglia. The two bundles are anatomically complementary routes around and through the internal capsule respectively.,AL; ansa peduncularis; ansa lenticularis in thalamo; ansa lenticularis in thalamus; ventral peduncle of lateral forebrain bundle; area hypothalamica posterior; posterior hypothalamic area; posterior hypothalamic nucleus; PH,,limbic_subcortical,False,bilateral,BAMS:HPA; BAMS:PH; BIRNLEX:1463; BM:Die-Hy-HPA; BTO:0002461; DHBA:10503; EV:0100235; FMA:62350; HBA:12910; MBA:946; neuronames:420; SCTID:362385002; UMLS:C0228385; Wikipedia:Posterior_nucleus_of_hypothalamus,area posterior hypothalami | nucleus hypothalamicus posterior | nucleus posterior hypothalami | posterior nucleus | posterior nucleus of the hypothalamus,False
lenticular fasciculus,,UBERON:0014529,fma61976,A compact bundle of myelinated fibers from the globus pallidus internus that passes directly through (rather than around) the posterior limb of the internal capsule and traverses the subthalamic region as Field H2 of Forel before merging with the ansa lenticularis to form the thalamic fasciculus (Field H1). Its straight trajectory through the capsule distinguishes it anatomically from the looping ansa lenticularis.,Field H2 of Forel; H2 field; pallidothalamic tract; lenticular bundle; fasciculus lenticularis; Forel field H2; dorsal division of ansa lenticularis; fasciculus lenticularis [h2]; forel's field h2; lenticular fasciculus; lenticular fasciculus [h2]; lenticular fasciculus of diencephalon; lenticular fasciculus of telencephalon; tegmental area h2,,limbic_subcortical,False,bilateral,BAMS:lenf_(H2); DHBA:10585; FMA:61976; FMA:62067; HBA:265505158; neuronames:3064; NLXANAT:1010015; SCTID:5677006; Wikipedia:Lenticular_fasciculus,fasciculus lenticularis | field H2 | field H2 of Forel | Forel's field H2,no_id_supplied
thalamic fasciculus,SNOMED:369185006,UBERON:0022254,fma62065,The merged pallidothalamic pathway (Field H1 of Forel) formed by the convergence of the ansa lenticularis and lenticular fasciculus in the prerubral field; ascends into the ventral anterior and ventral lateral thalamic nuclei to relay basal ganglia motor output to the motor cortex via the thalamocortical projection. The key bottleneck of the indirect basal ganglia output pathway and a target for DBS in Parkinson disease.,Field H1 of Forel; H1 field; Forel field H1; fasciculus thalamicus; pallidothalamic tract (merged); FT; area subthalamica tegmentalis; pars dorsomedialis | area tegmentalis H1 | area tegmentalis; pars dorsalis | area tegmentalis; pars dorsalis (Forel) | campus foreli (pars dorsalis) | fasciculus thalamicus | fasciculus thalamicus [h1] | fasciculus thalamicus hypothalami | field H1 | forel's field h1 | forelli campus I | h1 bundle of Forel | h1 field of Forel | tegmental area h1 | thalamic fasciculus | thalamic fasciculus [h1],,limbic_subcortical,False,bilateral,DHBA:10593; FMA:62065; HBA:265505374; neuronames:439; SCTID:369185006; Wikipedia:Thalamic_fasciculus,,True
temporoparietal aslant tract,,,,A recently isolated short-range association pathway connecting posterior temporal cortex (superior temporal gyrus / temporal-parietal junction) with the inferior parietal lobule in an oblique aslant orientation; proposed to play a role in visuospatial processing and mirror-neuron networks by analogy with the frontal aslant tract. First described by Parlatini et al. (2017) and Weiner et al. (2017). No SNOMED or UBERON ontology entry currently exists; classification is tractography-atlas-defined only.,TPAT; temporal aslant tract,,association,False,bilateral,,,
genu of internal capsule,SNOMED:362362003,,fma61953,"The anteriorly convex bend of the internal capsule lying between the anterior and posterior limbs; contains corticobulbar fibers projecting from the motor cortex to the cranial nerve motor nuclei of the brainstem (particularly CN VII lower face, CN IX, CN X, CN XII), along with some corticospinal fibers to the cervical cord. Clinically critical: a small lacunar infarct at the genu can produce contralateral central facial palsy and dysarthria disproportionate to limb weakness.",genu capsulae internae; knee of internal capsule; internal capsule genu; GENU-IC,ICBM-DTI-81,projection,False,bilateral,,,
sublenticular part of internal capsule,SNOMED:279222003,UBERON:0035632,fma61958,The portion of the internal capsule passing beneath the lentiform nucleus; contains the acoustic radiations from the medial geniculate nucleus to the primary auditory cortex (Heschl's gyrus) and the ventral component of the optic radiations (Meyer's loop) from the lateral geniculate nucleus sweeping anteriorly through the temporal lobe. Damage produces auditory and visual field deficits depending on extent of involvement; the acoustic radiation component is particularly susceptible in temporal lobe surgery.,sublenticular limb of internal capsule; sublenticular internal capsule; SLIC,ICBM-DTI-81,projection,True,bilateral,,,
Meyer's loop,,UBERON:0035935,fma280849,The anterior ventral subdivision of the optic radiation carrying upper visual field signals (lower retinal fibers) from the lateral geniculate nucleus; curves anteriorly into the temporal lobe white matter before turning posteriorly to reach the inferior bank of the calcarine sulcus in the primary visual cortex. The most anterior extent of Meyer's loop determines the minimum safe resection margin in anterior temporal lobectomy for epilepsy; damage produces a contralateral superior quadrantanopia ('pie in the sky' defect). Also called the temporal loop of the optic radiation.,inferior optic radiation; Meyer loop; temporal loop of optic radiation; anterior optic radiation; archambault loop; inferior bundle of optic radiation; Meyer's loop,,projection,False,bilateral,FMA:280849; HBA:265505214; neuronames:1466,or-lp,no_id_supplied
Baum's loop,,,,The posterior dorsal subdivision of the optic radiation carrying lower visual field signals (upper retinal fibers) from the lateral geniculate nucleus; travels directly through the parietal lobe white matter to the superior bank of the calcarine sulcus in the primary visual cortex without the anterior temporal excursion of Meyer's loop. Damage produces a contralateral inferior quadrantanopia. Less commonly referenced by name in the clinical literature than Meyer's loop; the eponym derives from Franz Baum who described the parietal component distinct from the temporal loop.,superior optic radiation; parietal loop of optic radiation; dorsal optic radiation; posterior optic radiation,,projection,False,bilateral,,,
lateral olfactory stria,SNOMED:369107001,UBERON:0001888,fma61971,"The larger of the two terminal branches of the olfactory tract at the olfactory trigone; courses laterally across the anterior perforated substance to terminate in the primary olfactory cortex (piriform cortex), the periamygdaloid cortex, and the entorhinal cortex. Carries the principal olfactory projection to limbic and memory-related cortices. The lateral stria is larger and more prominent than the medial stria and is the dominant output pathway of the olfactory tract.",lateral root of olfactory tract; stria olfactoria lateralis; tractus olfactorius lateralis,,projection,False,bilateral,BAMS:LDTR; BAMS:lo; BAMS:lot; BAMS:LOTR; BIRNLEX:1559; BM:Tel-LOT; DHBA:12075; DMBA:17773; EV:0100175; FMA:61971; HBA:265505514; MBA:665; neuronames:284; SCTID:369107001; UMLS:C0152330; Wikipedia:Lateral_olfactory_stria,"lateral olfactory stria | lateral olfactory tract | lateral olfactory tract, body | lateral olfactory tract. body | LOT | olfactory tract | stria olfactoria lateralis | tractus olfactorius lateralis",True
medial olfactory stria,SNOMED:369105009,UBERON:0034734,fma77627,"The smaller of the two terminal branches of the olfactory tract at the olfactory trigone; courses medially across the anterior perforated substance toward the medial olfactory area (subcallosal gyrus and septal nuclei), carrying olfactory signals to the contralateral olfactory bulb via the anterior commissure and to the medial septal area and bed nucleus of the stria terminalis. Less prominent than the lateral stria and not consistently resolvable in standard DTI.",medial root of olfactory tract; stria olfactoria medialis; tractus olfactorius medialis,,projection,False,bilateral,DHBA:12076; DMBA:17779; FMA:77627; HBA:265505518; neuronames:2278; SCTID:369105009; Wikipedia:Medial_olfactory_stria,medial olfactory tract | tractus olfactorius medialis,True
frontoorbital aslant tract,,,,"A short-range association tract recently isolated alongside the frontal aslant tract (FAT) connecting the orbitofrontal cortex with lateral prefrontal areas in an oblique aslant orientation; proposed to support emotional regulation, reward-based decision-making, and the integration of affective and cognitive control signals. First characterized in detail by Catani et al. and colleagues using tractography dissection methods. No SNOMED or UBERON ontology entry exists; classification is tractography-atlas-defined only. Distinct from the FAT, which connects SMA/pre-SMA to the inferior frontal gyrus.",FOAT; fronto-orbital aslant tract; orbital aslant tract,,association,False,bilateral,,,
